{"title":"Our Benefits","url":"/benefits","seo":{"title":"features","description":"Features of the products","keywords":"benefits"},"advantages":{"content":"<p>Our Products focuses on healthy and natural life</p>","advantages":[{"title":"Natural Ingredients","description":"<p>Our products are made with  natural, clinically-tested  ingredients.</p>","_metadata":{"uid":"csc84cdbec65ec28c0"}},{"title":"Easy to use","description":"<p>Our products are easy to use and incorporate into your daily life.</p>","_metadata":{"uid":"cs5bcd9a0841cb0095"}},{"title":"Fast Result","description":"<p>Our products provide fast and  noticeable results.</p>","_metadata":{"uid":"csa7efe79765f3ceee"}},{"title":"Affordable and Accessible","description":"<p>Our products are affordable and accessible, making it easy for everyone to use.</p>","_metadata":{"uid":"cs07ed51a7b8a400f7"}}],"tab_section":[]},"video_section":{"video":"","image":{"uid":"blt3fc33809c834a180","created_at":"2025-01-16T08:39:43.751Z","updated_at":"2025-01-16T08:39:43.751Z","created_by":"blt2db8e53e502d3fc0","updated_by":"blt2db8e53e502d3fc0","content_type":"image/webp","file_size":"51690","tags":[],"filename":"medical_benefits.jpg.webp","url":"https://images.contentstack.io/v3/assets/bltc3852d0b27f3a93d/blt3fc33809c834a180/6788c5cf12e56444e46aa1ff/medical_benefits.jpg.webp","ACL":[],"is_dir":false,"parent_uid":"blt08bb78bf9dcef628","_version":1,"title":"medical benefits.jpg.webp"}},"tags":[],"locale":"en-us","uid":"blt65e51fabe5828bca","created_by":"blt2db8e53e502d3fc0","updated_by":"blt2db8e53e502d3fc0","created_at":"2025-01-16T08:40:18.316Z","updated_at":"2025-01-16T08:40:18.316Z","_version":1,"_in_progress":false}