{"title":"About-Us","url":"/aboutus","seo":{"title":"about","description":"Describing about the products","keywords":"about"},"team_section":{"content":"<p>We are passionate about helping you achieve healthy and active life.</p><p>Our journey starts with simple mission :</p><p>To produce innovative , effective and easy to use products...</p>","image":{"uid":"blt63a91d05bde30882","created_at":"2025-01-16T07:31:27.756Z","updated_at":"2025-01-16T07:31:27.756Z","created_by":"blt2db8e53e502d3fc0","updated_by":"blt2db8e53e502d3fc0","content_type":"image/avif","file_size":"8670","tags":[],"filename":"About_Us_Image.avif","url":"https://images.contentstack.io/v3/assets/bltc3852d0b27f3a93d/blt63a91d05bde30882/6788b5cfe2a79857947267e5/About_Us_Image.avif","ACL":[],"is_dir":false,"parent_uid":"blt08bb78bf9dcef628","_version":1,"title":"About Us Image.avif"},"cta":[{"title":"To Know More","link":"/see-more","open_in_new_tab":true,"_metadata":{"uid":"cs8b990c156d6f9c7b"}}]},"promote":{"description":"<p>Our range of products of products are designed to address various issues.Our Products are carefully formulated to work in harmony to provide good healthy products.</p>","sub_content":"<p>Our Values:</p><ul><li>Innovation</li><li>Customer Care</li><li>Quality Life</li></ul>","image":{"uid":"blt63a91d05bde30882","created_at":"2025-01-16T07:31:27.756Z","updated_at":"2025-01-16T07:31:27.756Z","created_by":"blt2db8e53e502d3fc0","updated_by":"blt2db8e53e502d3fc0","content_type":"image/avif","file_size":"8670","tags":[],"filename":"About_Us_Image.avif","url":"https://images.contentstack.io/v3/assets/bltc3852d0b27f3a93d/blt63a91d05bde30882/6788b5cfe2a79857947267e5/About_Us_Image.avif","ACL":[],"is_dir":false,"parent_uid":"blt08bb78bf9dcef628","_version":1,"title":"About Us Image.avif"},"store_section":[]},"testimonials":[{"title":"Real people,Real Results","name":"XYZ","description":"<p>I've have struggled with health issues.By using the medix products provides the major changes</p>","background_image":null,"quote_image":null,"_metadata":{"uid":"cs0548b7c989323cae"}}],"tags":[],"locale":"en-us","uid":"bltfa0518523a86928d","created_by":"blt2db8e53e502d3fc0","updated_by":"blt2db8e53e502d3fc0","created_at":"2025-01-16T07:41:19.809Z","updated_at":"2025-01-16T07:41:19.809Z","_version":1,"_in_progress":false}