{"title":"Our products","url":"/products","banner":[{"title":"Multi-Vitamin Supplements","description":"<p>A daily multi-vitamin supplement that provides essential nutrients for overall health and wellness.</p>","banner_img":{"uid":"blt7fd9215cd9e12a56","created_at":"2025-01-16T09:04:25.341Z","updated_at":"2025-01-16T09:04:25.341Z","created_by":"blt2db8e53e502d3fc0","updated_by":"blt2db8e53e502d3fc0","content_type":"image/webp","file_size":"115648","tags":[],"filename":"Multivitamin.jpg.webp","url":"https://images.contentstack.io/v3/assets/bltc3852d0b27f3a93d/blt7fd9215cd9e12a56/6788cb998c6f50635a511e65/Multivitamin.jpg.webp","ACL":[],"is_dir":false,"parent_uid":"blt08bb78bf9dcef628","_version":1,"title":"Multivitamin.jpg.webp"},"_metadata":{"uid":"csf2eb2daa0ead8530"}},{"title":"Vitamin D3 supplements","description":"<p>A  dietary supplements that provides essential bone health.</p>","banner_img":{"uid":"blt7fff7bf9d1346ff1","created_at":"2025-01-16T09:08:55.897Z","updated_at":"2025-01-16T09:08:55.897Z","created_by":"blt2db8e53e502d3fc0","updated_by":"blt2db8e53e502d3fc0","content_type":"image/webp","file_size":"45022","tags":[],"filename":"Vitamind3.webp","url":"https://images.contentstack.io/v3/assets/bltc3852d0b27f3a93d/blt7fff7bf9d1346ff1/6788cca7e2a7987ad27268a9/Vitamind3.webp","ACL":[],"is_dir":false,"parent_uid":"blt08bb78bf9dcef628","_version":1,"title":"Vitamind3.webp"},"_metadata":{"uid":"cs9d7e2566af06ea94"}}],"products":{"plans":[{"title":"Multivitamin supplements","amount":"<p>Rs. 100</p>","label":"Vitamin A,B,C,D","features":"<p>Supports immunity and energy production</p>","image":null,"_metadata":{"uid":"cs6b5d1ff83a3d7e08"}},{"title":"Vitamin D3 supplements","amount":"<p>Rs.250</p>","label":"Vitamin D3,Calcium","features":"<p>Supports bone health and immune system </p>","image":null,"_metadata":{"uid":"cs5f23c72e8b43891d"}}]},"tags":[],"locale":"en-us","uid":"bltbbdeb3db6035747d","created_by":"blt2db8e53e502d3fc0","updated_by":"blt2db8e53e502d3fc0","created_at":"2025-01-16T09:12:04.930Z","updated_at":"2025-01-16T09:12:04.930Z","_version":1,"_in_progress":false}