{"title":"Home Page","url":"/homepage","seo":{"title":"healthcare home","description":"Home page of Healthcare","keywords":"health","no_follow":true,"no_index":true},"hero_banner":{"title":"HealthCare Products","rolling_text":["Discover Our Range of Healthcare products","Empowering you take care of your health"],"description":"<p><strong>Healthy Living , Made Easy !!!</strong></p>","cta":[{"title":"Buy Now","link":"/buynow","open_in_new_tab":true,"_metadata":{"uid":"csf6d7e71849591f30"}}],"banner_image":{"uid":"bltc39b5a436cc427f3","created_at":"2025-01-16T07:18:10.703Z","updated_at":"2025-01-16T07:18:10.703Z","created_by":"blt2db8e53e502d3fc0","updated_by":"blt2db8e53e502d3fc0","content_type":"image/avif","file_size":"5271","tags":[],"filename":"Healthcare_products_banner_image.avif","url":"https://images.contentstack.io/v3/assets/bltc3852d0b27f3a93d/bltc39b5a436cc427f3/6788b2b2b9391958c88a356c/Healthcare_products_banner_image.avif","ACL":[],"is_dir":false,"parent_uid":"blt08bb78bf9dcef628","_version":1,"title":"Healthcare products banner image.avif"}},"tags":[],"locale":"en-us","uid":"blt2956a58da621dac7","created_by":"blt2db8e53e502d3fc0","updated_by":"blt2db8e53e502d3fc0","created_at":"2025-01-16T07:18:54.751Z","updated_at":"2025-01-16T07:18:54.751Z","_version":1,"_in_progress":false}