{"title":"Footer","footer_section":{"footer_menu":[{"title":"Contact-Us","footer_content":"<p><strong>6432892064875478</strong></p>","_metadata":{"uid":"csf1ffaaf3092087a3"}},{"title":"Address","footer_content":"<p><strong>No.123, abc street, xyz city</strong></p>","_metadata":{"uid":"csb525a0e59c6453ed"}}]},"copy_rights":"<p>© Copyright 2025. All rights reserved.</p>","tags":[],"locale":"en-us","uid":"blt1177e0ff6753cff2","created_by":"blt2db8e53e502d3fc0","updated_by":"blt2db8e53e502d3fc0","created_at":"2025-01-16T07:07:06.766Z","updated_at":"2025-01-16T07:07:06.766Z","_version":1,"_in_progress":false}