{"title":"Medix","logo":{"image":{"uid":"blta91a46ed857d6a45","created_at":"2025-01-16T06:54:51.979Z","updated_at":"2025-01-16T06:54:51.979Z","created_by":"blt2db8e53e502d3fc0","updated_by":"blt2db8e53e502d3fc0","content_type":"image/avif","file_size":"11910","tags":[],"filename":"healthcare_medical_logo.avif","url":"https://images.contentstack.io/v3/assets/bltc3852d0b27f3a93d/blta91a46ed857d6a45/6788ad3b8c8d4b60a92371c6/healthcare_medical_logo.avif","ACL":[],"is_dir":false,"parent_uid":"blt08bb78bf9dcef628","_version":1,"title":"healthcare medical logo.avif"},"color_image":null,"link":{"title":"medix","href":"/medix"}},"navigation_section":{"navigation_bar":[{"title":"Home","link":"/home","sub_navigation":[],"_metadata":{"uid":"csea6a29f1a552d14f"}},{"title":"Products","link":"/products","sub_navigation":[],"_metadata":{"uid":"cs9d6fbdb1c8b4f523"}},{"title":"Features","link":"/feature","sub_navigation":[],"_metadata":{"uid":"csdb72a005c9ab21b9"}},{"title":"About","link":"/about","sub_navigation":[],"_metadata":{"uid":"cs5390d367912abe43"}}]},"cta":[{"title":"Sign Up","link":"/signup","open_in_new_tab":true,"_metadata":{"uid":"csee6edcc627384caf"}},{"title":"Log In","link":"/login","open_in_new_tab":true,"_metadata":{"uid":"csb29c20c28c2e3875"}}],"tags":[],"locale":"en-us","uid":"blt5657f451f64513b4","created_by":"blt2db8e53e502d3fc0","updated_by":"blt2db8e53e502d3fc0","created_at":"2025-01-16T06:55:48.075Z","updated_at":"2025-01-16T07:00:37.274Z","_version":2,"_in_progress":false}